<?xml version="1.0" encoding="UTF-8"?>
<!DOCTYPE mapper PUBLIC "-//mybatis.org//DTD Mapper 3.0//EN" "http://mybatis.org/dtd/mybatis-3-mapper.dtd">
<mapper namespace="com.localserver.clickhouse.mapper.SchemaMapper">
    <resultMap id="BaseResultMap" type="com.localserver.clickhouse.model.po.SchemaTable">
        <id column="database" jdbcType="VARCHAR" property="database"/>
        <result column="table" jdbcType="VARCHAR" property="table"/>
        <result column="name" jdbcType="VARCHAR" property="name"/>
        <result column="type" jdbcType="VARCHAR" property="type"/>
        <result column="comment" jdbcType="VARCHAR" property="comment"/>
    </resultMap>

    <!--    <sql id="Base_Column_List">-->
    <!--        id,user_name,pass_word,phone,create_day-->
    <!--    </sql>-->

    <!--    <insert id="saveData" parameterType="com.congge.entity.UserInfo">-->
    <!--        INSERT INTO user_info-->
    <!--            (id,user_name,pass_word,phone,create_day)-->
    <!--        VALUES-->
    <!--            (#{id,jdbcType=INTEGER},#{userName,jdbcType=VARCHAR},#{passWord,jdbcType=VARCHAR},-->
    <!--             #{phone,jdbcType=VARCHAR},#{createDay,jdbcType=VARCHAR})-->
    <!--    </insert>-->

    <select id="selectSchema" parameterType="java.lang.String" resultMap="BaseResultMap">
        select database, table, name, type, comment
        from system.columns
        where database = 'Ticket_info' and table =#{table_name};
    </select>

    <!--    <select id="selectList" resultMap="BaseResultMap">-->
    <!--        select-->
    <!--        <include refid="Base_Column_List"/>-->
    <!--        from user_info-->
    <!--    </select>-->

</mapper>
